phase,epoch,train_time_s,images_per_s,cpu_pct,ram_pct,gpu_util_pct,gpu_mem_pct,accuracy,loss,top5_accuracy,val_accuracy,val_loss,val_top5_accuracy
head,1,68.30283968200001,658.7134621264778,50.0,27.488311688311683,64.83116883116882,6.8153916396103895,0.4299653172492981,2.8538994789123535,0.7141491770744324,0.6208000183105469,2.1012837886810303,0.881600022315979
head,2,54.41353720500001,826.8530647161406,39.6,28.845762711864417,84.23728813559322,7.48046875,0.5833703875541687,2.218656539916992,0.8623310923576355,0.6557999849319458,1.996794581413269,0.8978000283241272
head,3,54.07452777399976,832.036854543428,43.1,28.868965517241378,85.79310344827586,7.48046875,0.6043296456336975,2.1338887214660645,0.8756890296936035,0.6650000214576721,1.9715445041656494,0.895799994468689
finetune,4,310.3722481599998,144.96141413006166,57.0,34.435534591194966,69.4874213836478,25.11346141247379,0.694301187992096,1.8135253190994263,0.9264313578605652,0.7692000269889832,1.5404592752456665,0.9611999988555908
finetune,5,266.12083673200004,169.06605492643064,56.4,33.759925093632965,82.49812734082397,27.506510416666668,0.7945634722709656,1.5069241523742676,0.9656161069869995,0.8055999875068665,1.4632306098937988,0.9674000144004822
finetune,6,266.3541272169996,168.91797574191472,57.0,33.912359550561796,82.01498127340824,27.506510416666668,0.8458614945411682,1.3641257286071777,0.9810855388641357,0.8059999942779541,1.4346683025360107,0.967199981212616
finetune,7,265.9420477530002,169.17971558144635,57.1,33.90526315789474,83.34210526315789,27.506510416666668,0.8778226971626282,1.2660295963287354,0.9880867600440979,0.8209999799728394,1.3779188394546509,0.9746000170707703
finetune,8,266.2400927380004,168.99032575185961,57.6,33.88052434456928,82.79026217228464,27.506510416666668,0.9074501991271973,1.1864267587661743,0.9937766790390015,0.8202000260353088,1.385892629623413,0.9724000096321106
finetune,9,266.2272220140003,168.99849556944997,57.0,34.053007518796996,82.8157894736842,27.506510416666668,0.9308099150657654,1.1242245435714722,0.9957547783851624,0.8281999826431274,1.3487980365753174,0.9742000102996826
finetune,10,266.4390044040001,168.86416499207022,57.2,33.96441947565543,82.60299625468164,27.506510416666668,0.94776850938797,1.0731525421142578,0.9978218078613281,0.8331999778747559,1.3318638801574707,0.9742000102996826
finetune,11,265.9398928599994,169.181086433262,57.5,34.07677902621723,82.72284644194757,27.506510416666668,0.9631712436676025,1.030414342880249,0.9991554021835327,0.8366000056266785,1.3245210647583008,0.9747999906539917
finetune,12,266.43444626200017,168.8670539084755,56.7,34.05634328358209,83.51492537313433,27.506510416666668,0.972395122051239,1.0007226467132568,0.999466598033905,0.8406000137329102,1.310691237449646,0.975600004196167
finetune,13,265.9742294360003,169.15924559836404,57.2,34.21048689138577,82.9250936329588,27.506510416666668,0.9808188080787659,0.9760044813156128,0.9996666312217712,0.8411999940872192,1.3057938814163208,0.9747999906539917
finetune,14,265.860864151,169.23137650845092,56.6,34.13595505617978,82.46816479400749,27.506510416666668,0.9858196973800659,0.9573948383331299,0.999822199344635,0.848800003528595,1.2886358499526978,0.9768000245094299
finetune,15,265.4072752210004,169.52059796603496,57.2,34.19849056603774,83.06037735849057,27.506510416666668,0.9893536567687988,0.9449127912521362,0.9998888969421387,0.8501999974250793,1.2886435985565186,0.9768000245094299
finetune,16,264.79474995500004,169.91273432591117,56.0,28.445555555555558,81.34444444444445,27.506510416666668,0.9915096163749695,0.9365129470825195,1.0,0.8497999906539917,1.2846763134002686,0.975600004196167
finetune,17,265.64142915699995,169.37117129199277,56.4,27.976119402985073,81.89925373134328,27.506510416666668,0.9928653836250305,0.9319334626197815,0.9999110698699951,0.8529999852180481,1.2831449508666992,0.9761999845504761
finetune,18,265.5468088059997,169.4315220819308,56.5,28.04756554307116,82.1685393258427,27.506510416666668,0.993198812007904,0.9302716255187988,0.9999555349349976,0.852400004863739,1.2833704948425293,0.9753999710083008
